genero,idade_normalizada,peso_normalizado
M,0.782608695652174,0.8536585365853658
M,0.9130434782608695,0.8780487804878049
M,0.7391304347826086,0.8170731707317073
F,0.8260869565217391,0.7195121951219512
M,1.0,1.0
M,0.7391304347826086,0.7926829268292683
F,0.8260869565217391,0.6707317073170732
F,0.9130434782608695,0.9512195121951219
F,1.0,0.8780487804878049
M,0.782608695652174,0.8902439024390244
M,0.8260869565217391,0.7439024390243902
F,0.9130434782608695,0.8780487804878049
